City,Candidate,Party,Votes,Won
Abington,Maura Healey,DEM,3320,TRUE
Abington,Geoff Diehl,REP,3177,FALSE
Abington,Kevin Reed,LIB,83,FALSE
Acton,Maura Healey,DEM,7936,TRUE
Acton,Geoff Diehl,REP,2154,FALSE
Acton,Kevin Reed,LIB,168,FALSE
Acushnet,Maura Healey,DEM,1735,FALSE
Acushnet,Geoff Diehl,REP,2323,TRUE
Acushnet,Kevin Reed,LIB,74,FALSE
Adams,Maura Healey,DEM,1873,TRUE
Adams,Geoff Diehl,REP,965,FALSE
Adams,Kevin Reed,LIB,52,FALSE
Agawam,Maura Healey,DEM,5160,FALSE
Agawam,Geoff Diehl,REP,5949,TRUE
Agawam,Kevin Reed,LIB,179,FALSE
Alford,Maura Healey,DEM,217,TRUE
Alford,Geoff Diehl,REP,42,FALSE
Alford,Kevin Reed,LIB,2,FALSE
Amesbury,Maura Healey,DEM,5007,TRUE
Amesbury,Geoff Diehl,REP,2447,FALSE
Amesbury,Kevin Reed,LIB,121,FALSE
Amherst,Maura Healey,DEM,7366,TRUE
Amherst,Geoff Diehl,REP,620,FALSE
Amherst,Kevin Reed,LIB,94,FALSE
Andover,Maura Healey,DEM,9957,TRUE
Andover,Geoff Diehl,REP,5427,FALSE
Andover,Kevin Reed,LIB,242,FALSE
Aquinnah,Maura Healey,DEM,221,TRUE
Aquinnah,Geoff Diehl,REP,37,FALSE
Aquinnah,Kevin Reed,LIB,4,FALSE
Arlington,Maura Healey,DEM,18392,TRUE
Arlington,Geoff Diehl,REP,3460,FALSE
Arlington,Kevin Reed,LIB,288,FALSE
Ashburnham,Maura Healey,DEM,1453,TRUE
Ashburnham,Geoff Diehl,REP,1320,FALSE
Ashburnham,Kevin Reed,LIB,55,FALSE
Ashby,Maura Healey,DEM,686,FALSE
Ashby,Geoff Diehl,REP,743,TRUE
Ashby,Kevin Reed,LIB,19,FALSE
Ashfield,Maura Healey,DEM,772,TRUE
Ashfield,Geoff Diehl,REP,174,FALSE
Ashfield,Kevin Reed,LIB,19,FALSE
Ashland,Maura Healey,DEM,5103,TRUE
Ashland,Geoff Diehl,REP,2155,FALSE
Ashland,Kevin Reed,LIB,110,FALSE
Athol,Maura Healey,DEM,1796,TRUE
Athol,Geoff Diehl,REP,1778,FALSE
Athol,Kevin Reed,LIB,76,FALSE
Attleboro,Maura Healey,DEM,8945,TRUE
Attleboro,Geoff Diehl,REP,6434,FALSE
Attleboro,Kevin Reed,LIB,288,FALSE
Auburn,Maura Healey,DEM,3925,TRUE
Auburn,Geoff Diehl,REP,3079,FALSE
Auburn,Kevin Reed,LIB,137,FALSE
Avon,Maura Healey,DEM,895,TRUE
Avon,Geoff Diehl,REP,733,FALSE
Avon,Kevin Reed,LIB,23,FALSE
Ayer,Maura Healey,DEM,1994,TRUE
Ayer,Geoff Diehl,REP,1146,FALSE
Ayer,Kevin Reed,LIB,88,FALSE
Barnstable,Maura Healey,DEM,11989,TRUE
Barnstable,Geoff Diehl,REP,9451,FALSE
Barnstable,Kevin Reed,LIB,306,FALSE
Barre,Maura Healey,DEM,1009,FALSE
Barre,Geoff Diehl,REP,1138,TRUE
Barre,Kevin Reed,LIB,44,FALSE
Becket,Maura Healey,DEM,503,TRUE
Becket,Geoff Diehl,REP,288,FALSE
Becket,Kevin Reed,LIB,13,FALSE
Bedford,Maura Healey,DEM,4661,TRUE
Bedford,Geoff Diehl,REP,1840,FALSE
Bedford,Kevin Reed,LIB,97,FALSE
Belchertown,Maura Healey,DEM,4106,TRUE
Belchertown,Geoff Diehl,REP,2694,FALSE
Belchertown,Kevin Reed,LIB,122,FALSE
Bellingham,Maura Healey,DEM,3447,TRUE
Bellingham,Geoff Diehl,REP,3114,FALSE
Bellingham,Kevin Reed,LIB,120,FALSE
Belmont,Maura Healey,DEM,9043,TRUE
Belmont,Geoff Diehl,REP,2669,FALSE
Belmont,Kevin Reed,LIB,229,FALSE
Berkley,Maura Healey,DEM,1131,FALSE
Berkley,Geoff Diehl,REP,1611,TRUE
Berkley,Kevin Reed,LIB,55,FALSE
Berlin,Maura Healey,DEM,1057,TRUE
Berlin,Geoff Diehl,REP,739,FALSE
Berlin,Kevin Reed,LIB,42,FALSE
Bernardston,Maura Healey,DEM,640,TRUE
Bernardston,Geoff Diehl,REP,320,FALSE
Bernardston,Kevin Reed,LIB,19,FALSE
Beverly,Maura Healey,DEM,12110,TRUE
Beverly,Geoff Diehl,REP,5337,FALSE
Beverly,Kevin Reed,LIB,282,FALSE
Billerica,Maura Healey,DEM,9057,TRUE
Billerica,Geoff Diehl,REP,7845,FALSE
Billerica,Kevin Reed,LIB,277,FALSE
Blackstone,Maura Healey,DEM,1519,FALSE
Blackstone,Geoff Diehl,REP,1782,TRUE
Blackstone,Kevin Reed,LIB,44,FALSE
Blandford,Maura Healey,DEM,234,FALSE
Blandford,Geoff Diehl,REP,358,TRUE
Blandford,Kevin Reed,LIB,26,FALSE
Bolton,Maura Healey,DEM,1893,TRUE
Bolton,Geoff Diehl,REP,899,FALSE
Bolton,Kevin Reed,LIB,62,FALSE
Boston,Maura Healey,DEM,144653,TRUE
Boston,Geoff Diehl,REP,30946,FALSE
Boston,Kevin Reed,LIB,2510,FALSE
Bourne,Maura Healey,DEM,4764,TRUE
Bourne,Geoff Diehl,REP,4200,FALSE
Bourne,Kevin Reed,LIB,132,FALSE
Boxborough,Maura Healey,DEM,1736,TRUE
Boxborough,Geoff Diehl,REP,668,FALSE
Boxborough,Kevin Reed,LIB,44,FALSE
Boxford,Maura Healey,DEM,2254,TRUE
Boxford,Geoff Diehl,REP,1794,FALSE
Boxford,Kevin Reed,LIB,80,FALSE
Boylston,Maura Healey,DEM,1458,TRUE
Boylston,Geoff Diehl,REP,1111,FALSE
Boylston,Kevin Reed,LIB,42,FALSE
Braintree,Maura Healey,DEM,8252,TRUE
Braintree,Geoff Diehl,REP,6444,FALSE
Braintree,Kevin Reed,LIB,214,FALSE
Brewster,Maura Healey,DEM,3880,TRUE
Brewster,Geoff Diehl,REP,1987,FALSE
Brewster,Kevin Reed,LIB,82,FALSE
Bridgewater,Maura Healey,DEM,5000,TRUE
Bridgewater,Geoff Diehl,REP,4933,FALSE
Bridgewater,Kevin Reed,LIB,143,FALSE
Brimfield,Maura Healey,DEM,734,FALSE
Brimfield,Geoff Diehl,REP,967,TRUE
Brimfield,Kevin Reed,LIB,35,FALSE
Brockton,Maura Healey,DEM,14557,TRUE
Brockton,Geoff Diehl,REP,5676,FALSE
Brockton,Kevin Reed,LIB,322,FALSE
Brookfield,Maura Healey,DEM,684,FALSE
Brookfield,Geoff Diehl,REP,744,TRUE
Brookfield,Kevin Reed,LIB,44,FALSE
Brookline,Maura Healey,DEM,18699,TRUE
Brookline,Geoff Diehl,REP,2678,FALSE
Brookline,Kevin Reed,LIB,241,FALSE
Buckland,Maura Healey,DEM,676,TRUE
Buckland,Geoff Diehl,REP,222,FALSE
Buckland,Kevin Reed,LIB,13,FALSE
Burlington,Maura Healey,DEM,6333,TRUE
Burlington,Geoff Diehl,REP,4216,FALSE
Burlington,Kevin Reed,LIB,158,FALSE
Cambridge,Maura Healey,DEM,33312,TRUE
Cambridge,Geoff Diehl,REP,2768,FALSE
Cambridge,Kevin Reed,LIB,423,FALSE
Canton,Maura Healey,DEM,6345,TRUE
Canton,Geoff Diehl,REP,3797,FALSE
Canton,Kevin Reed,LIB,131,FALSE
Carlisle,Maura Healey,DEM,2132,TRUE
Carlisle,Geoff Diehl,REP,669,FALSE
Carlisle,Kevin Reed,LIB,38,FALSE
Carver,Maura Healey,DEM,2282,FALSE
Carver,Geoff Diehl,REP,2667,TRUE
Carver,Kevin Reed,LIB,75,FALSE
Charlemont,Maura Healey,DEM,357,TRUE
Charlemont,Geoff Diehl,REP,163,FALSE
Charlemont,Kevin Reed,LIB,10,FALSE
Charlton,Maura Healey,DEM,2478,FALSE
Charlton,Geoff Diehl,REP,3135,TRUE
Charlton,Kevin Reed,LIB,99,FALSE
Chatham,Maura Healey,DEM,2379,TRUE
Chatham,Geoff Diehl,REP,1602,FALSE
Chatham,Kevin Reed,LIB,59,FALSE
Chelmsford,Maura Healey,DEM,10055,TRUE
Chelmsford,Geoff Diehl,REP,5920,FALSE
Chelmsford,Kevin Reed,LIB,279,FALSE
Chelsea,Maura Healey,DEM,3787,TRUE
Chelsea,Geoff Diehl,REP,1206,FALSE
Chelsea,Kevin Reed,LIB,124,FALSE
Cheshire,Maura Healey,DEM,736,TRUE
Cheshire,Geoff Diehl,REP,601,FALSE
Cheshire,Kevin Reed,LIB,22,FALSE
Chester,Maura Healey,DEM,202,FALSE
Chester,Geoff Diehl,REP,328,TRUE
Chester,Kevin Reed,LIB,20,FALSE
Chesterfield,Maura Healey,DEM,417,TRUE
Chesterfield,Geoff Diehl,REP,229,FALSE
Chesterfield,Kevin Reed,LIB,10,FALSE
Chicopee,Maura Healey,DEM,8728,TRUE
Chicopee,Geoff Diehl,REP,6986,FALSE
Chicopee,Kevin Reed,LIB,310,FALSE
Chilmark,Maura Healey,DEM,634,TRUE
Chilmark,Geoff Diehl,REP,107,FALSE
Chilmark,Kevin Reed,LIB,13,FALSE
Clarksburg,Maura Healey,DEM,415,TRUE
Clarksburg,Geoff Diehl,REP,272,FALSE
Clarksburg,Kevin Reed,LIB,8,FALSE
Clinton,Maura Healey,DEM,2952,TRUE
Clinton,Geoff Diehl,REP,2070,FALSE
Clinton,Kevin Reed,LIB,100,FALSE
Cohasset,Maura Healey,DEM,2725,TRUE
Cohasset,Geoff Diehl,REP,1465,FALSE
Cohasset,Kevin Reed,LIB,62,FALSE
Colrain,Maura Healey,DEM,475,TRUE
Colrain,Geoff Diehl,REP,244,FALSE
Colrain,Kevin Reed,LIB,9,FALSE
Concord,Maura Healey,DEM,7639,TRUE
Concord,Geoff Diehl,REP,1842,FALSE
Concord,Kevin Reed,LIB,135,FALSE
Conway,Maura Healey,DEM,822,TRUE
Conway,Geoff Diehl,REP,236,FALSE
Conway,Kevin Reed,LIB,13,FALSE
Cummington,Maura Healey,DEM,340,TRUE
Cummington,Geoff Diehl,REP,117,FALSE
Cummington,Kevin Reed,LIB,8,FALSE
Dalton,Maura Healey,DEM,1781,TRUE
Dalton,Geoff Diehl,REP,753,FALSE
Dalton,Kevin Reed,LIB,39,FALSE
Danvers,Maura Healey,DEM,6743,TRUE
Danvers,Geoff Diehl,REP,5120,FALSE
Danvers,Kevin Reed,LIB,164,FALSE
Dartmouth,Maura Healey,DEM,6801,TRUE
Dartmouth,Geoff Diehl,REP,5669,FALSE
Dartmouth,Kevin Reed,LIB,199,FALSE
Dedham,Maura Healey,DEM,7345,TRUE
Dedham,Geoff Diehl,REP,3622,FALSE
Dedham,Kevin Reed,LIB,142,FALSE
Deerfield,Maura Healey,DEM,1825,TRUE
Deerfield,Geoff Diehl,REP,695,FALSE
Deerfield,Kevin Reed,LIB,45,FALSE
Dennis,Maura Healey,DEM,4957,TRUE
Dennis,Geoff Diehl,REP,3465,FALSE
Dennis,Kevin Reed,LIB,109,FALSE
Dighton,Maura Healey,DEM,1428,FALSE
Dighton,Geoff Diehl,REP,1724,TRUE
Dighton,Kevin Reed,LIB,48,FALSE
Douglas,Maura Healey,DEM,1654,FALSE
Douglas,Geoff Diehl,REP,2191,TRUE
Douglas,Kevin Reed,LIB,86,FALSE
Dover,Maura Healey,DEM,1863,TRUE
Dover,Geoff Diehl,REP,1076,FALSE
Dover,Kevin Reed,LIB,58,FALSE
Dracut,Maura Healey,DEM,5516,FALSE
Dracut,Geoff Diehl,REP,5990,TRUE
Dracut,Kevin Reed,LIB,157,FALSE
Dudley,Maura Healey,DEM,1836,FALSE
Dudley,Geoff Diehl,REP,2238,TRUE
Dudley,Kevin Reed,LIB,93,FALSE
Dunstable,Maura Healey,DEM,943,TRUE
Dunstable,Geoff Diehl,REP,740,FALSE
Dunstable,Kevin Reed,LIB,28,FALSE
Duxbury,Maura Healey,DEM,4837,TRUE
Duxbury,Geoff Diehl,REP,3408,FALSE
Duxbury,Kevin Reed,LIB,89,FALSE
E. Bridgewater,Maura Healey,DEM,2814,FALSE
E. Bridgewater,Geoff Diehl,REP,3301,TRUE
E. Bridgewater,Kevin Reed,LIB,77,FALSE
E. Brookfield,Maura Healey,DEM,424,FALSE
E. Brookfield,Geoff Diehl,REP,517,TRUE
E. Brookfield,Kevin Reed,LIB,25,FALSE
E. Longmeadow,Maura Healey,DEM,3557,TRUE
E. Longmeadow,Geoff Diehl,REP,3339,FALSE
E. Longmeadow,Kevin Reed,LIB,108,FALSE
Eastham,Maura Healey,DEM,2315,TRUE
Eastham,Geoff Diehl,REP,1018,FALSE
Eastham,Kevin Reed,LIB,41,FALSE
Easthampton,Maura Healey,DEM,5903,TRUE
Easthampton,Geoff Diehl,REP,1951,FALSE
Easthampton,Kevin Reed,LIB,110,FALSE
Easton,Maura Healey,DEM,5866,TRUE
Easton,Geoff Diehl,REP,4153,FALSE
Easton,Kevin Reed,LIB,160,FALSE
Edgartown,Maura Healey,DEM,1518,TRUE
Edgartown,Geoff Diehl,REP,624,FALSE
Edgartown,Kevin Reed,LIB,37,FALSE
Egremont,Maura Healey,DEM,609,TRUE
Egremont,Geoff Diehl,REP,135,FALSE
Egremont,Kevin Reed,LIB,7,FALSE
Erving,Maura Healey,DEM,373,TRUE
Erving,Geoff Diehl,REP,269,FALSE
Erving,Kevin Reed,LIB,12,FALSE
Essex,Maura Healey,DEM,1179,TRUE
Essex,Geoff Diehl,REP,623,FALSE
Essex,Kevin Reed,LIB,34,FALSE
Everett,Maura Healey,DEM,5459,TRUE
Everett,Geoff Diehl,REP,2472,FALSE
Everett,Kevin Reed,LIB,229,FALSE
Fairhaven,Maura Healey,DEM,3640,TRUE
Fairhaven,Geoff Diehl,REP,3000,FALSE
Fairhaven,Kevin Reed,LIB,119,FALSE
Fall River,Maura Healey,DEM,10231,TRUE
Fall River,Geoff Diehl,REP,7323,FALSE
Fall River,Kevin Reed,LIB,395,FALSE
Falmouth,Maura Healey,DEM,10973,TRUE
Falmouth,Geoff Diehl,REP,6201,FALSE
Falmouth,Kevin Reed,LIB,204,FALSE
Fitchburg,Maura Healey,DEM,5653,TRUE
Fitchburg,Geoff Diehl,REP,4112,FALSE
Fitchburg,Kevin Reed,LIB,184,FALSE
Florida,Maura Healey,DEM,132,FALSE
Florida,Geoff Diehl,REP,145,TRUE
Florida,Kevin Reed,LIB,7,FALSE
Foxborough,Maura Healey,DEM,4472,TRUE
Foxborough,Geoff Diehl,REP,3393,FALSE
Foxborough,Kevin Reed,LIB,136,FALSE
Framingham,Maura Healey,DEM,16208,TRUE
Framingham,Geoff Diehl,REP,5543,FALSE
Framingham,Kevin Reed,LIB,325,FALSE
Franklin,Maura Healey,DEM,8611,TRUE
Franklin,Geoff Diehl,REP,5662,FALSE
Franklin,Kevin Reed,LIB,225,FALSE
Freetown,Maura Healey,DEM,1641,FALSE
Freetown,Geoff Diehl,REP,2109,TRUE
Freetown,Kevin Reed,LIB,66,FALSE
Gardner,Maura Healey,DEM,3376,TRUE
Gardner,Geoff Diehl,REP,2610,FALSE
Gardner,Kevin Reed,LIB,135,FALSE
Georgetown,Maura Healey,DEM,2145,TRUE
Georgetown,Geoff Diehl,REP,1803,FALSE
Georgetown,Kevin Reed,LIB,63,FALSE
Gill,Maura Healey,DEM,527,TRUE
Gill,Geoff Diehl,REP,232,FALSE
Gill,Kevin Reed,LIB,14,FALSE
Gloucester,Maura Healey,DEM,8882,TRUE
Gloucester,Geoff Diehl,REP,4148,FALSE
Gloucester,Kevin Reed,LIB,214,FALSE
Goshen,Maura Healey,DEM,319,TRUE
Goshen,Geoff Diehl,REP,189,FALSE
Goshen,Kevin Reed,LIB,6,FALSE
Gosnold,Maura Healey,DEM,39,TRUE
Gosnold,Geoff Diehl,REP,13,FALSE
Gosnold,Kevin Reed,LIB,1,FALSE
Grafton,Maura Healey,DEM,4840,TRUE
Grafton,Geoff Diehl,REP,3060,FALSE
Grafton,Kevin Reed,LIB,132,FALSE
Granby,Maura Healey,DEM,1416,FALSE
Granby,Geoff Diehl,REP,1419,TRUE
Granby,Kevin Reed,LIB,46,FALSE
Granville,Maura Healey,DEM,279,FALSE
Granville,Geoff Diehl,REP,453,TRUE
Granville,Kevin Reed,LIB,17,FALSE
Great Barrington,Maura Healey,DEM,2417,TRUE
Great Barrington,Geoff Diehl,REP,515,FALSE
Great Barrington,Kevin Reed,LIB,48,FALSE
Greenfield,Maura Healey,DEM,5127,TRUE
Greenfield,Geoff Diehl,REP,1778,FALSE
Greenfield,Kevin Reed,LIB,68,FALSE
Groton,Maura Healey,DEM,3618,TRUE
Groton,Geoff Diehl,REP,1761,FALSE
Groton,Kevin Reed,LIB,111,FALSE
Groveland,Maura Healey,DEM,1733,TRUE
Groveland,Geoff Diehl,REP,1563,FALSE
Groveland,Kevin Reed,LIB,52,FALSE
Hadley,Maura Healey,DEM,1788,TRUE
Hadley,Geoff Diehl,REP,720,FALSE
Hadley,Kevin Reed,LIB,35,FALSE
Halifax,Maura Healey,DEM,1579,FALSE
Halifax,Geoff Diehl,REP,1910,TRUE
Halifax,Kevin Reed,LIB,54,FALSE
Hamilton,Maura Healey,DEM,2377,TRUE
Hamilton,Geoff Diehl,REP,1257,FALSE
Hamilton,Kevin Reed,LIB,63,FALSE
Hampden,Maura Healey,DEM,1026,FALSE
Hampden,Geoff Diehl,REP,1266,TRUE
Hampden,Kevin Reed,LIB,38,FALSE
Hancock,Maura Healey,DEM,182,TRUE
Hancock,Geoff Diehl,REP,152,FALSE
Hancock,Kevin Reed,LIB,14,FALSE
Hanover,Maura Healey,DEM,3524,FALSE
Hanover,Geoff Diehl,REP,3727,TRUE
Hanover,Kevin Reed,LIB,70,FALSE
Hanson,Maura Healey,DEM,2205,FALSE
Hanson,Geoff Diehl,REP,2707,TRUE
Hanson,Kevin Reed,LIB,88,FALSE
Hardwick,Maura Healey,DEM,506,FALSE
Hardwick,Geoff Diehl,REP,573,TRUE
Hardwick,Kevin Reed,LIB,27,FALSE
Harvard,Maura Healey,DEM,2298,TRUE
Harvard,Geoff Diehl,REP,819,FALSE
Harvard,Kevin Reed,LIB,61,FALSE
Harwich,Maura Healey,DEM,4447,TRUE
Harwich,Geoff Diehl,REP,2872,FALSE
Harwich,Kevin Reed,LIB,106,FALSE
Hatfield,Maura Healey,DEM,1184,TRUE
Hatfield,Geoff Diehl,REP,545,FALSE
Hatfield,Kevin Reed,LIB,30,FALSE
Haverhill,Maura Healey,DEM,11954,TRUE
Haverhill,Geoff Diehl,REP,8527,FALSE
Haverhill,Kevin Reed,LIB,339,FALSE
Hawley,Maura Healey,DEM,108,TRUE
Hawley,Geoff Diehl,REP,48,FALSE
Hawley,Kevin Reed,LIB,2,FALSE
Heath,Maura Healey,DEM,238,TRUE
Heath,Geoff Diehl,REP,121,FALSE
Heath,Kevin Reed,LIB,4,FALSE
Hingham,Maura Healey,DEM,7798,TRUE
Hingham,Geoff Diehl,REP,4397,FALSE
Hingham,Kevin Reed,LIB,182,FALSE
Hinsdale,Maura Healey,DEM,522,TRUE
Hinsdale,Geoff Diehl,REP,315,FALSE
Hinsdale,Kevin Reed,LIB,15,FALSE
Holbrook,Maura Healey,DEM,2194,TRUE
Holbrook,Geoff Diehl,REP,1610,FALSE
Holbrook,Kevin Reed,LIB,69,FALSE
Holden,Maura Healey,DEM,5253,TRUE
Holden,Geoff Diehl,REP,3897,FALSE
Holden,Kevin Reed,LIB,148,FALSE
Holland,Maura Healey,DEM,470,FALSE
Holland,Geoff Diehl,REP,561,TRUE
Holland,Kevin Reed,LIB,29,FALSE
Holliston,Maura Healey,DEM,4825,TRUE
Holliston,Geoff Diehl,REP,2172,FALSE
Holliston,Kevin Reed,LIB,139,FALSE
Holyoke,Maura Healey,DEM,6520,TRUE
Holyoke,Geoff Diehl,REP,2991,FALSE
Holyoke,Kevin Reed,LIB,145,FALSE
Hopedale,Maura Healey,DEM,1472,TRUE
Hopedale,Geoff Diehl,REP,964,FALSE
Hopedale,Kevin Reed,LIB,52,FALSE
Hopkinton,Maura Healey,DEM,5164,TRUE
Hopkinton,Geoff Diehl,REP,2574,FALSE
Hopkinton,Kevin Reed,LIB,100,FALSE
Hubbardston,Maura Healey,DEM,966,FALSE
Hubbardston,Geoff Diehl,REP,1176,TRUE
Hubbardston,Kevin Reed,LIB,53,FALSE
Hudson,Maura Healey,DEM,5209,TRUE
Hudson,Geoff Diehl,REP,2887,FALSE
Hudson,Kevin Reed,LIB,154,FALSE
Hull,Maura Healey,DEM,3362,TRUE
Hull,Geoff Diehl,REP,1871,FALSE
Hull,Kevin Reed,LIB,80,FALSE
Huntington,Maura Healey,DEM,411,FALSE
Huntington,Geoff Diehl,REP,461,TRUE
Huntington,Kevin Reed,LIB,14,FALSE
Ipswich,Maura Healey,DEM,4744,TRUE
Ipswich,Geoff Diehl,REP,2535,FALSE
Ipswich,Kevin Reed,LIB,109,FALSE
Kingston,Maura Healey,DEM,3167,TRUE
Kingston,Geoff Diehl,REP,2998,FALSE
Kingston,Kevin Reed,LIB,102,FALSE
Lakeville,Maura Healey,DEM,2329,FALSE
Lakeville,Geoff Diehl,REP,3050,TRUE
Lakeville,Kevin Reed,LIB,105,FALSE
Lancaster,Maura Healey,DEM,1667,TRUE
Lancaster,Geoff Diehl,REP,1365,FALSE
Lancaster,Kevin Reed,LIB,55,FALSE
Lanesborough,Maura Healey,DEM,812,TRUE
Lanesborough,Geoff Diehl,REP,427,FALSE
Lanesborough,Kevin Reed,LIB,36,FALSE
Lawrence,Maura Healey,DEM,7203,TRUE
Lawrence,Geoff Diehl,REP,2691,FALSE
Lawrence,Kevin Reed,LIB,188,FALSE
Lee,Maura Healey,DEM,1603,TRUE
Lee,Geoff Diehl,REP,733,FALSE
Lee,Kevin Reed,LIB,40,FALSE
Leicester,Maura Healey,DEM,2046,FALSE
Leicester,Geoff Diehl,REP,2292,TRUE
Leicester,Kevin Reed,LIB,93,FALSE
Lenox,Maura Healey,DEM,1976,TRUE
Lenox,Geoff Diehl,REP,490,FALSE
Lenox,Kevin Reed,LIB,38,FALSE
Leominster,Maura Healey,DEM,7864,TRUE
Leominster,Geoff Diehl,REP,6117,FALSE
Leominster,Kevin Reed,LIB,289,FALSE
Leverett,Maura Healey,DEM,930,TRUE
Leverett,Geoff Diehl,REP,136,FALSE
Leverett,Kevin Reed,LIB,14,FALSE
Lexington,Maura Healey,DEM,11419,TRUE
Lexington,Geoff Diehl,REP,2960,FALSE
Lexington,Kevin Reed,LIB,191,FALSE
Leyden,Maura Healey,DEM,256,TRUE
Leyden,Geoff Diehl,REP,123,FALSE
Leyden,Kevin Reed,LIB,13,FALSE
Lincoln,Maura Healey,DEM,2693,TRUE
Lincoln,Geoff Diehl,REP,567,FALSE
Lincoln,Kevin Reed,LIB,53,FALSE
Littleton,Maura Healey,DEM,3275,TRUE
Littleton,Geoff Diehl,REP,1659,FALSE
Littleton,Kevin Reed,LIB,91,FALSE
Longmeadow,Maura Healey,DEM,4469,TRUE
Longmeadow,Geoff Diehl,REP,2677,FALSE
Longmeadow,Kevin Reed,LIB,116,FALSE
Lowell,Maura Healey,DEM,13740,TRUE
Lowell,Geoff Diehl,REP,6608,FALSE
Lowell,Kevin Reed,LIB,461,FALSE
Ludlow,Maura Healey,DEM,3682,FALSE
Ludlow,Geoff Diehl,REP,4140,TRUE
Ludlow,Kevin Reed,LIB,118,FALSE
Lunenburg,Maura Healey,DEM,2831,TRUE
Lunenburg,Geoff Diehl,REP,2315,FALSE
Lunenburg,Kevin Reed,LIB,116,FALSE
Lynn,Maura Healey,DEM,13232,TRUE
Lynn,Geoff Diehl,REP,6215,FALSE
Lynn,Kevin Reed,LIB,334,FALSE
Lynnfield,Maura Healey,DEM,2886,FALSE
Lynnfield,Geoff Diehl,REP,2990,TRUE
Lynnfield,Kevin Reed,LIB,79,FALSE
Malden,Maura Healey,DEM,10982,TRUE
Malden,Geoff Diehl,REP,3654,FALSE
Malden,Kevin Reed,LIB,247,FALSE
Manchester-by-the-Sea,Maura Healey,DEM,1981,TRUE
Manchester-by-the-Sea,Geoff Diehl,REP,859,FALSE
Manchester-by-the-Sea,Kevin Reed,LIB,44,FALSE
Mansfield,Maura Healey,DEM,6011,TRUE
Mansfield,Geoff Diehl,REP,3959,FALSE
Mansfield,Kevin Reed,LIB,165,FALSE
Marblehead,Maura Healey,DEM,7230,TRUE
Marblehead,Geoff Diehl,REP,3158,FALSE
Marblehead,Kevin Reed,LIB,114,FALSE
Marion,Maura Healey,DEM,1689,TRUE
Marion,Geoff Diehl,REP,1047,FALSE
Marion,Kevin Reed,LIB,53,FALSE
Marlborough,Maura Healey,DEM,8293,TRUE
Marlborough,Geoff Diehl,REP,4581,FALSE
Marlborough,Kevin Reed,LIB,254,FALSE
Marshfield,Maura Healey,DEM,6832,TRUE
Marshfield,Geoff Diehl,REP,6058,FALSE
Marshfield,Kevin Reed,LIB,176,FALSE
Mashpee,Maura Healey,DEM,4493,TRUE
Mashpee,Geoff Diehl,REP,3379,FALSE
Mashpee,Kevin Reed,LIB,98,FALSE
Mattapoisett,Maura Healey,DEM,2114,TRUE
Mattapoisett,Geoff Diehl,REP,1591,FALSE
Mattapoisett,Kevin Reed,LIB,42,FALSE
Maynard,Maura Healey,DEM,3738,TRUE
Maynard,Geoff Diehl,REP,1334,FALSE
Maynard,Kevin Reed,LIB,80,FALSE
Medfield,Maura Healey,DEM,4033,TRUE
Medfield,Geoff Diehl,REP,2148,FALSE
Medfield,Kevin Reed,LIB,90,FALSE
Medford,Maura Healey,DEM,16179,TRUE
Medford,Geoff Diehl,REP,5207,FALSE
Medford,Kevin Reed,LIB,302,FALSE
Medway,Maura Healey,DEM,3662,TRUE
Medway,Geoff Diehl,REP,2348,FALSE
Medway,Kevin Reed,LIB,121,FALSE
Melrose,Maura Healey,DEM,9611,TRUE
Melrose,Geoff Diehl,REP,3526,FALSE
Melrose,Kevin Reed,LIB,180,FALSE
Mendon,Maura Healey,DEM,1368,FALSE
Mendon,Geoff Diehl,REP,1372,TRUE
Mendon,Kevin Reed,LIB,47,FALSE
Merrimac,Maura Healey,DEM,1845,TRUE
Merrimac,Geoff Diehl,REP,1375,FALSE
Merrimac,Kevin Reed,LIB,49,FALSE
Methuen,Maura Healey,DEM,8698,TRUE
Methuen,Geoff Diehl,REP,7291,FALSE
Methuen,Kevin Reed,LIB,220,FALSE
Middleborough,Maura Healey,DEM,4332,FALSE
Middleborough,Geoff Diehl,REP,5276,TRUE
Middleborough,Kevin Reed,LIB,150,FALSE
Middlefield,Maura Healey,DEM,164,TRUE
Middlefield,Geoff Diehl,REP,87,FALSE
Middlefield,Kevin Reed,LIB,2,FALSE
Middleton,Maura Healey,DEM,1985,FALSE
Middleton,Geoff Diehl,REP,2327,TRUE
Middleton,Kevin Reed,LIB,48,FALSE
Milford,Maura Healey,DEM,5588,TRUE
Milford,Geoff Diehl,REP,3896,FALSE
Milford,Kevin Reed,LIB,168,FALSE
Millbury,Maura Healey,DEM,2862,TRUE
Millbury,Geoff Diehl,REP,2641,FALSE
Millbury,Kevin Reed,LIB,103,FALSE
Millis,Maura Healey,DEM,2716,TRUE
Millis,Geoff Diehl,REP,1673,FALSE
Millis,Kevin Reed,LIB,77,FALSE
Millville,Maura Healey,DEM,489,FALSE
Millville,Geoff Diehl,REP,682,TRUE
Millville,Kevin Reed,LIB,30,FALSE
Milton,Maura Healey,DEM,9045,TRUE
Milton,Geoff Diehl,REP,3461,FALSE
Milton,Kevin Reed,LIB,180,FALSE
Monroe,Maura Healey,DEM,24,TRUE
Monroe,Geoff Diehl,REP,14,FALSE
Monroe,Kevin Reed,LIB,0,FALSE
Monson,Maura Healey,DEM,1708,FALSE
Monson,Geoff Diehl,REP,1950,TRUE
Monson,Kevin Reed,LIB,63,FALSE
Montague,Maura Healey,DEM,2474,TRUE
Montague,Geoff Diehl,REP,867,FALSE
Montague,Kevin Reed,LIB,62,FALSE
Monterey,Maura Healey,DEM,397,TRUE
Monterey,Geoff Diehl,REP,96,FALSE
Monterey,Kevin Reed,LIB,3,FALSE
Montgomery,Maura Healey,DEM,190,FALSE
Montgomery,Geoff Diehl,REP,256,TRUE
Montgomery,Kevin Reed,LIB,2,FALSE
Mount Washington,Maura Healey,DEM,79,TRUE
Mount Washington,Geoff Diehl,REP,20,FALSE
Mount Washington,Kevin Reed,LIB,4,FALSE
N. Adams,Maura Healey,DEM,2719,TRUE
N. Adams,Geoff Diehl,REP,1052,FALSE
N. Adams,Kevin Reed,LIB,79,FALSE
N. Andover,Maura Healey,DEM,7364,TRUE
N. Andover,Geoff Diehl,REP,4974,FALSE
N. Andover,Kevin Reed,LIB,181,FALSE
N. Attleborough,Maura Healey,DEM,6190,TRUE
N. Attleborough,Geoff Diehl,REP,4893,FALSE
N. Attleborough,Kevin Reed,LIB,210,FALSE
N. Brookfield,Maura Healey,DEM,827,FALSE
N. Brookfield,Geoff Diehl,REP,1110,TRUE
N. Brookfield,Kevin Reed,LIB,48,FALSE
N. Reading,Maura Healey,DEM,3981,TRUE
N. Reading,Geoff Diehl,REP,3173,FALSE
N. Reading,Kevin Reed,LIB,99,FALSE
Nahant,Maura Healey,DEM,1260,TRUE
Nahant,Geoff Diehl,REP,675,FALSE
Nahant,Kevin Reed,LIB,23,FALSE
Nantucket,Maura Healey,DEM,3262,TRUE
Nantucket,Geoff Diehl,REP,1553,FALSE
Nantucket,Kevin Reed,LIB,86,FALSE
Natick,Maura Healey,DEM,11924,TRUE
Natick,Geoff Diehl,REP,4061,FALSE
Natick,Kevin Reed,LIB,238,FALSE
Needham,Maura Healey,DEM,11436,TRUE
Needham,Geoff Diehl,REP,3671,FALSE
Needham,Kevin Reed,LIB,196,FALSE
New Ashford,Maura Healey,DEM,68,TRUE
New Ashford,Geoff Diehl,REP,47,FALSE
New Ashford,Kevin Reed,LIB,3,FALSE
New Bedford,Maura Healey,DEM,12580,TRUE
New Bedford,Geoff Diehl,REP,7698,FALSE
New Bedford,Kevin Reed,LIB,414,FALSE
New Braintree,Maura Healey,DEM,232,FALSE
New Braintree,Geoff Diehl,REP,246,TRUE
New Braintree,Kevin Reed,LIB,6,FALSE
New Marlborough,Maura Healey,DEM,509,TRUE
New Marlborough,Geoff Diehl,REP,224,FALSE
New Marlborough,Kevin Reed,LIB,18,FALSE
New Salem,Maura Healey,DEM,338,TRUE
New Salem,Geoff Diehl,REP,200,FALSE
New Salem,Kevin Reed,LIB,20,FALSE
Newbury,Maura Healey,DEM,2387,TRUE
Newbury,Geoff Diehl,REP,1482,FALSE
Newbury,Kevin Reed,LIB,67,FALSE
Newburyport,Maura Healey,DEM,7082,TRUE
Newburyport,Geoff Diehl,REP,2627,FALSE
Newburyport,Kevin Reed,LIB,119,FALSE
Newton,Maura Healey,DEM,29300,TRUE
Newton,Geoff Diehl,REP,6641,FALSE
Newton,Kevin Reed,LIB,474,FALSE
Norfolk,Maura Healey,DEM,2995,TRUE
Norfolk,Geoff Diehl,REP,2241,FALSE
Norfolk,Kevin Reed,LIB,90,FALSE
Northampton,Maura Healey,DEM,12163,TRUE
Northampton,Geoff Diehl,REP,1474,FALSE
Northampton,Kevin Reed,LIB,148,FALSE
Northborough,Maura Healey,DEM,4499,TRUE
Northborough,Geoff Diehl,REP,2383,FALSE
Northborough,Kevin Reed,LIB,128,FALSE
Northbridge,Maura Healey,DEM,3115,TRUE
Northbridge,Geoff Diehl,REP,3067,FALSE
Northbridge,Kevin Reed,LIB,118,FALSE
Northfield,Maura Healey,DEM,937,TRUE
Northfield,Geoff Diehl,REP,491,FALSE
Northfield,Kevin Reed,LIB,31,FALSE
Norton,Maura Healey,DEM,3840,TRUE
Norton,Geoff Diehl,REP,3368,FALSE
Norton,Kevin Reed,LIB,127,FALSE
Norwell,Maura Healey,DEM,3030,TRUE
Norwell,Geoff Diehl,REP,2442,FALSE
Norwell,Kevin Reed,LIB,87,FALSE
Norwood,Maura Healey,DEM,7286,TRUE
Norwood,Geoff Diehl,REP,4323,FALSE
Norwood,Kevin Reed,LIB,160,FALSE
Oak Bluffs,Maura Healey,DEM,1726,TRUE
Oak Bluffs,Geoff Diehl,REP,539,FALSE
Oak Bluffs,Kevin Reed,LIB,38,FALSE
Oakham,Maura Healey,DEM,398,FALSE
Oakham,Geoff Diehl,REP,519,TRUE
Oakham,Kevin Reed,LIB,13,FALSE
Orange,Maura Healey,DEM,1385,TRUE
Orange,Geoff Diehl,REP,1229,FALSE
Orange,Kevin Reed,LIB,57,FALSE
Orleans,Maura Healey,DEM,2639,TRUE
Orleans,Geoff Diehl,REP,1294,FALSE
Orleans,Kevin Reed,LIB,58,FALSE
Otis,Maura Healey,DEM,424,TRUE
Otis,Geoff Diehl,REP,323,FALSE
Otis,Kevin Reed,LIB,17,FALSE
Oxford,Maura Healey,DEM,2325,FALSE
Oxford,Geoff Diehl,REP,2728,TRUE
Oxford,Kevin Reed,LIB,110,FALSE
Palmer,Maura Healey,DEM,2004,FALSE
Palmer,Geoff Diehl,REP,2318,TRUE
Palmer,Kevin Reed,LIB,84,FALSE
Paxton,Maura Healey,DEM,1144,TRUE
Paxton,Geoff Diehl,REP,1013,FALSE
Paxton,Kevin Reed,LIB,38,FALSE
Peabody,Maura Healey,DEM,11341,TRUE
Peabody,Geoff Diehl,REP,8971,FALSE
Peabody,Kevin Reed,LIB,260,FALSE
Pelham,Maura Healey,DEM,637,TRUE
Pelham,Geoff Diehl,REP,70,FALSE
Pelham,Kevin Reed,LIB,17,FALSE
Pembroke,Maura Healey,DEM,4088,FALSE
Pembroke,Geoff Diehl,REP,4226,TRUE
Pembroke,Kevin Reed,LIB,133,FALSE
Pepperell,Maura Healey,DEM,2828,TRUE
Pepperell,Geoff Diehl,REP,2455,FALSE
Pepperell,Kevin Reed,LIB,115,FALSE
Peru,Maura Healey,DEM,186,TRUE
Peru,Geoff Diehl,REP,166,FALSE
Peru,Kevin Reed,LIB,9,FALSE
Petersham,Maura Healey,DEM,418,TRUE
Petersham,Geoff Diehl,REP,294,FALSE
Petersham,Kevin Reed,LIB,25,FALSE
Phillipston,Maura Healey,DEM,307,FALSE
Phillipston,Geoff Diehl,REP,475,TRUE
Phillipston,Kevin Reed,LIB,14,FALSE
Pittsfield,Maura Healey,DEM,10181,TRUE
Pittsfield,Geoff Diehl,REP,3574,FALSE
Pittsfield,Kevin Reed,LIB,282,FALSE
Plainfield,Maura Healey,DEM,256,TRUE
Plainfield,Geoff Diehl,REP,106,FALSE
Plainfield,Kevin Reed,LIB,3,FALSE
Plainville,Maura Healey,DEM,2167,TRUE
Plainville,Geoff Diehl,REP,1904,FALSE
Plainville,Kevin Reed,LIB,75,FALSE
Plymouth,Maura Healey,DEM,16065,TRUE
Plymouth,Geoff Diehl,REP,12565,FALSE
Plymouth,Kevin Reed,LIB,412,FALSE
Plympton,Maura Healey,DEM,685,FALSE
Plympton,Geoff Diehl,REP,771,TRUE
Plympton,Kevin Reed,LIB,31,FALSE
Princeton,Maura Healey,DEM,1156,TRUE
Princeton,Geoff Diehl,REP,747,FALSE
Princeton,Kevin Reed,LIB,34,FALSE
Provincetown,Maura Healey,DEM,2016,TRUE
Provincetown,Geoff Diehl,REP,191,FALSE
Provincetown,Kevin Reed,LIB,23,FALSE
Quincy,Maura Healey,DEM,19526,TRUE
Quincy,Geoff Diehl,REP,9931,FALSE
Quincy,Kevin Reed,LIB,464,FALSE
Randolph,Maura Healey,DEM,7180,TRUE
Randolph,Geoff Diehl,REP,2232,FALSE
Randolph,Kevin Reed,LIB,127,FALSE
Raynham,Maura Healey,DEM,2919,FALSE
Raynham,Geoff Diehl,REP,3137,TRUE
Raynham,Kevin Reed,LIB,83,FALSE
Reading,Maura Healey,DEM,8091,TRUE
Reading,Geoff Diehl,REP,4379,FALSE
Reading,Kevin Reed,LIB,156,FALSE
Rehoboth,Maura Healey,DEM,2398,FALSE
Rehoboth,Geoff Diehl,REP,2891,TRUE
Rehoboth,Kevin Reed,LIB,103,FALSE
Revere,Maura Healey,DEM,6690,TRUE
Revere,Geoff Diehl,REP,4258,FALSE
Revere,Kevin Reed,LIB,187,FALSE
Richmond,Maura Healey,DEM,630,TRUE
Richmond,Geoff Diehl,REP,175,FALSE
Richmond,Kevin Reed,LIB,9,FALSE
Rochester,Maura Healey,DEM,1194,FALSE
Rochester,Geoff Diehl,REP,1644,TRUE
Rochester,Kevin Reed,LIB,36,FALSE
Rockland,Maura Healey,DEM,3560,TRUE
Rockland,Geoff Diehl,REP,3253,FALSE
Rockland,Kevin Reed,LIB,92,FALSE
Rockport,Maura Healey,DEM,3107,TRUE
Rockport,Geoff Diehl,REP,1090,FALSE
Rockport,Kevin Reed,LIB,56,FALSE
Rowe,Maura Healey,DEM,123,TRUE
Rowe,Geoff Diehl,REP,87,FALSE
Rowe,Kevin Reed,LIB,0,FALSE
Rowley,Maura Healey,DEM,1592,TRUE
Rowley,Geoff Diehl,REP,1547,FALSE
Rowley,Kevin Reed,LIB,40,FALSE
Royalston,Maura Healey,DEM,329,TRUE
Royalston,Geoff Diehl,REP,286,FALSE
Royalston,Kevin Reed,LIB,11,FALSE
Russell,Maura Healey,DEM,251,FALSE
Russell,Geoff Diehl,REP,368,TRUE
Russell,Kevin Reed,LIB,14,FALSE
Rutland,Maura Healey,DEM,1957,FALSE
Rutland,Geoff Diehl,REP,2095,TRUE
Rutland,Kevin Reed,LIB,94,FALSE
S. Hadley,Maura Healey,DEM,4747,TRUE
S. Hadley,Geoff Diehl,REP,2499,FALSE
S. Hadley,Kevin Reed,LIB,119,FALSE
Salem,Maura Healey,DEM,12564,TRUE
Salem,Geoff Diehl,REP,3667,FALSE
Salem,Kevin Reed,LIB,302,FALSE
Salisbury,Maura Healey,DEM,2077,TRUE
Salisbury,Geoff Diehl,REP,1904,FALSE
Salisbury,Kevin Reed,LIB,44,FALSE
Sandisfield,Maura Healey,DEM,208,TRUE
Sandisfield,Geoff Diehl,REP,135,FALSE
Sandisfield,Kevin Reed,LIB,11,FALSE
Sandwich,Maura Healey,DEM,5630,TRUE
Sandwich,Geoff Diehl,REP,4795,FALSE
Sandwich,Kevin Reed,LIB,148,FALSE
Saugus,Maura Healey,DEM,5053,FALSE
Saugus,Geoff Diehl,REP,5132,TRUE
Saugus,Kevin Reed,LIB,145,FALSE
Savoy,Maura Healey,DEM,139,TRUE
Savoy,Geoff Diehl,REP,132,FALSE
Savoy,Kevin Reed,LIB,7,FALSE
Scituate,Maura Healey,DEM,6288,TRUE
Scituate,Geoff Diehl,REP,3995,FALSE
Scituate,Kevin Reed,LIB,140,FALSE
Seekonk,Maura Healey,DEM,3280,TRUE
Seekonk,Geoff Diehl,REP,2821,FALSE
Seekonk,Kevin Reed,LIB,86,FALSE
Sharon,Maura Healey,DEM,6030,TRUE
Sharon,Geoff Diehl,REP,1896,FALSE
Sharon,Kevin Reed,LIB,112,FALSE
Sheffield,Maura Healey,DEM,1068,TRUE
Sheffield,Geoff Diehl,REP,414,FALSE
Sheffield,Kevin Reed,LIB,29,FALSE
Shelburne,Maura Healey,DEM,668,TRUE
Shelburne,Geoff Diehl,REP,201,FALSE
Shelburne,Kevin Reed,LIB,22,FALSE
Sherborn,Maura Healey,DEM,1618,TRUE
Sherborn,Geoff Diehl,REP,531,FALSE
Sherborn,Kevin Reed,LIB,41,FALSE
Shirley,Maura Healey,DEM,1514,TRUE
Shirley,Geoff Diehl,REP,1104,FALSE
Shirley,Kevin Reed,LIB,64,FALSE
Shrewsbury,Maura Healey,DEM,9155,TRUE
Shrewsbury,Geoff Diehl,REP,5541,FALSE
Shrewsbury,Kevin Reed,LIB,229,FALSE
Shutesbury,Maura Healey,DEM,911,TRUE
Shutesbury,Geoff Diehl,REP,139,FALSE
Shutesbury,Kevin Reed,LIB,11,FALSE
Somerset,Maura Healey,DEM,4126,TRUE
Somerset,Geoff Diehl,REP,3422,FALSE
Somerset,Kevin Reed,LIB,107,FALSE
Somerville,Maura Healey,DEM,25344,TRUE
Somerville,Geoff Diehl,REP,2788,FALSE
Somerville,Kevin Reed,LIB,380,FALSE
Southampton,Maura Healey,DEM,1604,TRUE
Southampton,Geoff Diehl,REP,1454,FALSE
Southampton,Kevin Reed,LIB,37,FALSE
Southborough,Maura Healey,DEM,3138,TRUE
Southborough,Geoff Diehl,REP,1596,FALSE
Southborough,Kevin Reed,LIB,80,FALSE
Southbridge,Maura Healey,DEM,2302,TRUE
Southbridge,Geoff Diehl,REP,1788,FALSE
Southbridge,Kevin Reed,LIB,125,FALSE
Southwick,Maura Healey,DEM,1587,FALSE
Southwick,Geoff Diehl,REP,2506,TRUE
Southwick,Kevin Reed,LIB,85,FALSE
Spencer,Maura Healey,DEM,1988,FALSE
Spencer,Geoff Diehl,REP,2339,TRUE
Spencer,Kevin Reed,LIB,95,FALSE
Springfield,Maura Healey,DEM,19727,TRUE
Springfield,Geoff Diehl,REP,8041,FALSE
Springfield,Kevin Reed,LIB,516,FALSE
Sterling,Maura Healey,DEM,2080,TRUE
Sterling,Geoff Diehl,REP,2013,FALSE
Sterling,Kevin Reed,LIB,60,FALSE
Stockbridge,Maura Healey,DEM,853,TRUE
Stockbridge,Geoff Diehl,REP,191,FALSE
Stockbridge,Kevin Reed,LIB,13,FALSE
Stoneham,Maura Healey,DEM,6263,TRUE
Stoneham,Geoff Diehl,REP,3966,FALSE
Stoneham,Kevin Reed,LIB,135,FALSE
Stoughton,Maura Healey,DEM,6510,TRUE
Stoughton,Geoff Diehl,REP,3761,FALSE
Stoughton,Kevin Reed,LIB,147,FALSE
Stow,Maura Healey,DEM,2723,TRUE
Stow,Geoff Diehl,REP,1054,FALSE
Stow,Kevin Reed,LIB,68,FALSE
Sturbridge,Maura Healey,DEM,2313,TRUE
Sturbridge,Geoff Diehl,REP,1899,FALSE
Sturbridge,Kevin Reed,LIB,106,FALSE
Sudbury,Maura Healey,DEM,6679,TRUE
Sudbury,Geoff Diehl,REP,2261,FALSE
Sudbury,Kevin Reed,LIB,124,FALSE
Sunderland,Maura Healey,DEM,1048,TRUE
Sunderland,Geoff Diehl,REP,301,FALSE
Sunderland,Kevin Reed,LIB,25,FALSE
Sutton,Maura Healey,DEM,2107,FALSE
Sutton,Geoff Diehl,REP,2377,TRUE
Sutton,Kevin Reed,LIB,82,FALSE
Swampscott,Maura Healey,DEM,5007,TRUE
Swampscott,Geoff Diehl,REP,1902,FALSE
Swampscott,Kevin Reed,LIB,94,FALSE
Swansea,Maura Healey,DEM,3326,FALSE
Swansea,Geoff Diehl,REP,3468,TRUE
Swansea,Kevin Reed,LIB,103,FALSE
Taunton,Maura Healey,DEM,9050,TRUE
Taunton,Geoff Diehl,REP,7366,FALSE
Taunton,Kevin Reed,LIB,313,FALSE
Templeton,Maura Healey,DEM,1403,FALSE
Templeton,Geoff Diehl,REP,1683,TRUE
Templeton,Kevin Reed,LIB,51,FALSE
Tewksbury,Maura Healey,DEM,6773,TRUE
Tewksbury,Geoff Diehl,REP,6350,FALSE
Tewksbury,Kevin Reed,LIB,207,FALSE
Tisbury,Maura Healey,DEM,1575,TRUE
Tisbury,Geoff Diehl,REP,419,FALSE
Tisbury,Kevin Reed,LIB,33,FALSE
Tolland,Maura Healey,DEM,96,FALSE
Tolland,Geoff Diehl,REP,144,TRUE
Tolland,Kevin Reed,LIB,5,FALSE
Topsfield,Maura Healey,DEM,1892,TRUE
Topsfield,Geoff Diehl,REP,1383,FALSE
Topsfield,Kevin Reed,LIB,53,FALSE
Townsend,Maura Healey,DEM,1872,FALSE
Townsend,Geoff Diehl,REP,2009,TRUE
Townsend,Kevin Reed,LIB,69,FALSE
Truro,Maura Healey,DEM,1164,TRUE
Truro,Geoff Diehl,REP,300,FALSE
Truro,Kevin Reed,LIB,19,FALSE
Tyngsborough,Maura Healey,DEM,2763,TRUE
Tyngsborough,Geoff Diehl,REP,2448,FALSE
Tyngsborough,Kevin Reed,LIB,83,FALSE
Tyringham,Maura Healey,DEM,178,TRUE
Tyringham,Geoff Diehl,REP,58,FALSE
Tyringham,Kevin Reed,LIB,7,FALSE
Upton,Maura Healey,DEM,2247,TRUE
Upton,Geoff Diehl,REP,1586,FALSE
Upton,Kevin Reed,LIB,68,FALSE
Uxbridge,Maura Healey,DEM,2910,FALSE
Uxbridge,Geoff Diehl,REP,3092,TRUE
Uxbridge,Kevin Reed,LIB,122,FALSE
W. Boylston,Maura Healey,DEM,1958,TRUE
W. Boylston,Geoff Diehl,REP,1490,FALSE
W. Boylston,Kevin Reed,LIB,73,FALSE
W. Bridgewater,Maura Healey,DEM,1451,FALSE
W. Bridgewater,Geoff Diehl,REP,1746,TRUE
W. Bridgewater,Kevin Reed,LIB,53,FALSE
W. Brookfield,Maura Healey,DEM,840,FALSE
W. Brookfield,Geoff Diehl,REP,863,TRUE
W. Brookfield,Kevin Reed,LIB,34,FALSE
W. Newbury,Maura Healey,DEM,1626,TRUE
W. Newbury,Geoff Diehl,REP,894,FALSE
W. Newbury,Kevin Reed,LIB,54,FALSE
W. Springfield,Maura Healey,DEM,4424,TRUE
W. Springfield,Geoff Diehl,REP,3886,FALSE
W. Springfield,Kevin Reed,LIB,139,FALSE
W. Stockbridge,Maura Healey,DEM,590,TRUE
W. Stockbridge,Geoff Diehl,REP,129,FALSE
W. Stockbridge,Kevin Reed,LIB,16,FALSE
W. Tisbury,Maura Healey,DEM,1472,TRUE
W. Tisbury,Geoff Diehl,REP,272,FALSE
W. Tisbury,Kevin Reed,LIB,16,FALSE
Wakefield,Maura Healey,DEM,7336,TRUE
Wakefield,Geoff Diehl,REP,4655,FALSE
Wakefield,Kevin Reed,LIB,151,FALSE
Wales,Maura Healey,DEM,284,FALSE
Wales,Geoff Diehl,REP,458,TRUE
Wales,Kevin Reed,LIB,12,FALSE
Walpole,Maura Healey,DEM,6702,TRUE
Walpole,Geoff Diehl,REP,5094,FALSE
Walpole,Kevin Reed,LIB,203,FALSE
Waltham,Maura Healey,DEM,13828,TRUE
Waltham,Geoff Diehl,REP,5537,FALSE
Waltham,Kevin Reed,LIB,322,FALSE
Ware,Maura Healey,DEM,1604,FALSE
Ware,Geoff Diehl,REP,1711,TRUE
Ware,Kevin Reed,LIB,73,FALSE
Wareham,Maura Healey,DEM,4724,TRUE
Wareham,Geoff Diehl,REP,4072,FALSE
Wareham,Kevin Reed,LIB,162,FALSE
Warren,Maura Healey,DEM,763,FALSE
Warren,Geoff Diehl,REP,975,TRUE
Warren,Kevin Reed,LIB,47,FALSE
Warwick,Maura Healey,DEM,273,TRUE
Warwick,Geoff Diehl,REP,121,FALSE
Warwick,Kevin Reed,LIB,7,FALSE
Washington,Maura Healey,DEM,182,TRUE
Washington,Geoff Diehl,REP,91,FALSE
Washington,Kevin Reed,LIB,5,FALSE
Watertown,Maura Healey,DEM,10898,TRUE
Watertown,Geoff Diehl,REP,2819,FALSE
Watertown,Kevin Reed,LIB,189,FALSE
Wayland,Maura Healey,DEM,5166,TRUE
Wayland,Geoff Diehl,REP,1522,FALSE
Wayland,Kevin Reed,LIB,94,FALSE
Webster,Maura Healey,DEM,2557,FALSE
Webster,Geoff Diehl,REP,2630,TRUE
Webster,Kevin Reed,LIB,107,FALSE
Wellesley,Maura Healey,DEM,8567,TRUE
Wellesley,Geoff Diehl,REP,3216,FALSE
Wellesley,Kevin Reed,LIB,191,FALSE
Wellfleet,Maura Healey,DEM,1568,TRUE
Wellfleet,Geoff Diehl,REP,416,FALSE
Wellfleet,Kevin Reed,LIB,36,FALSE
Wendell,Maura Healey,DEM,390,TRUE
Wendell,Geoff Diehl,REP,81,FALSE
Wendell,Kevin Reed,LIB,9,FALSE
Wenham,Maura Healey,DEM,1263,TRUE
Wenham,Geoff Diehl,REP,665,FALSE
Wenham,Kevin Reed,LIB,29,FALSE
Westborough,Maura Healey,DEM,5244,TRUE
Westborough,Geoff Diehl,REP,2256,FALSE
Westborough,Kevin Reed,LIB,120,FALSE
Westfield,Maura Healey,DEM,6860,FALSE
Westfield,Geoff Diehl,REP,7020,TRUE
Westfield,Kevin Reed,LIB,264,FALSE
Westford,Maura Healey,DEM,7172,TRUE
Westford,Geoff Diehl,REP,3878,FALSE
Westford,Kevin Reed,LIB,168,FALSE
Westhampton,Maura Healey,DEM,626,TRUE
Westhampton,Geoff Diehl,REP,321,FALSE
Westhampton,Kevin Reed,LIB,16,FALSE
Westminster,Maura Healey,DEM,1955,TRUE
Westminster,Geoff Diehl,REP,1907,FALSE
Westminster,Kevin Reed,LIB,64,FALSE
Weston,Maura Healey,DEM,3420,TRUE
Weston,Geoff Diehl,REP,1583,FALSE
Weston,Kevin Reed,LIB,95,FALSE
Westport,Maura Healey,DEM,3831,TRUE
Westport,Geoff Diehl,REP,3664,FALSE
Westport,Kevin Reed,LIB,139,FALSE
Westwood,Maura Healey,DEM,4816,TRUE
Westwood,Geoff Diehl,REP,2794,FALSE
Westwood,Kevin Reed,LIB,128,FALSE
Weymouth,Maura Healey,DEM,13305,TRUE
Weymouth,Geoff Diehl,REP,9461,FALSE
Weymouth,Kevin Reed,LIB,316,FALSE
Whately,Maura Healey,DEM,590,TRUE
Whately,Geoff Diehl,REP,296,FALSE
Whately,Kevin Reed,LIB,7,FALSE
Whitman,Maura Healey,DEM,2984,FALSE
Whitman,Geoff Diehl,REP,3161,TRUE
Whitman,Kevin Reed,LIB,97,FALSE
Wilbraham,Maura Healey,DEM,3331,TRUE
Wilbraham,Geoff Diehl,REP,3241,FALSE
Wilbraham,Kevin Reed,LIB,81,FALSE
Williamsburg,Maura Healey,DEM,1162,TRUE
Williamsburg,Geoff Diehl,REP,255,FALSE
Williamsburg,Kevin Reed,LIB,29,FALSE
Williamstown,Maura Healey,DEM,2450,TRUE
Williamstown,Geoff Diehl,REP,416,FALSE
Williamstown,Kevin Reed,LIB,38,FALSE
Wilmington,Maura Healey,DEM,5441,TRUE
Wilmington,Geoff Diehl,REP,4873,FALSE
Wilmington,Kevin Reed,LIB,142,FALSE
Winchendon,Maura Healey,DEM,1518,FALSE
Winchendon,Geoff Diehl,REP,1825,TRUE
Winchendon,Kevin Reed,LIB,81,FALSE
Winchester,Maura Healey,DEM,6896,TRUE
Winchester,Geoff Diehl,REP,3178,FALSE
Winchester,Kevin Reed,LIB,184,FALSE
Windsor,Maura Healey,DEM,259,TRUE
Windsor,Geoff Diehl,REP,129,FALSE
Windsor,Kevin Reed,LIB,7,FALSE
Winthrop,Maura Healey,DEM,4102,TRUE
Winthrop,Geoff Diehl,REP,2476,FALSE
Winthrop,Kevin Reed,LIB,88,FALSE
Woburn,Maura Healey,DEM,9273,TRUE
Woburn,Geoff Diehl,REP,6112,FALSE
Woburn,Kevin Reed,LIB,234,FALSE
Worcester,Maura Healey,DEM,28384,TRUE
Worcester,Geoff Diehl,REP,12677,FALSE
Worcester,Kevin Reed,LIB,794,FALSE
Worthington,Maura Healey,DEM,466,TRUE
Worthington,Geoff Diehl,REP,216,FALSE
Worthington,Kevin Reed,LIB,7,FALSE
Wrentham,Maura Healey,DEM,2971,TRUE
Wrentham,Geoff Diehl,REP,2859,FALSE
Wrentham,Kevin Reed,LIB,117,FALSE
Yarmouth,Maura Healey,DEM,6949,TRUE
Yarmouth,Geoff Diehl,REP,4840,FALSE
Yarmouth,Kevin Reed,LIB,135,FALSE
